id,name,age,city,salary,job
1,Zara Hassan,47,Karachi,133804,Designer
2,Sara Chaudhry,47,Faisalabad,120191,Designer
3,Bilal Butt,25,Multan,43958,Manager
4,Zara Ahmed,29,Islamabad,145053,Engineer
5,Hina Ali,23,Peshawar,70089,Doctor
6,Hina Ali,57,Rawalpindi,35667,Designer
7,Ahmed Ahmed,31,Islamabad,58432,Manager
8,Hina Ahmed,44,Islamabad,58002,Designer
9,Sara Khan,51,Peshawar,101615,Teacher
10,Fatima Butt,46,Multan,68653,Analyst
11,Fatima Sheikh,50,Peshawar,72107,Doctor
12,Zara Ahmed,45,Islamabad,81158,Manager
13,Hassan Sheikh,30,Faisalabad,124279,Developer
14,Ahmed Ali,53,Multan,149235,Teacher
15,Ayesha Sheikh,35,Peshawar,126760,Teacher
16,Bilal Ali,40,Peshawar,71830,Teacher
17,Sara Ahmed,38,Lahore,61740,Teacher
18,Hina Butt,35,Rawalpindi,84121,Developer
19,Fatima Butt,28,Peshawar,114295,Doctor
20,Usman Ahmed,39,Rawalpindi,127008,Developer
21,Ahmed Malik,48,Islamabad,139086,Teacher
22,Ahmed Ahmed,40,Multan,54075,Designer
23,Zara Khan,33,Islamabad,87320,Developer
24,Usman Chaudhry,37,Peshawar,58266,Designer
25,Ayesha Butt,47,Karachi,115079,Manager
26,Fatima Malik,27,Karachi,63030,Accountant
27,Sara Khan,25,Multan,96952,Doctor
28,Fatima Sheikh,54,Quetta,97169,Doctor
29,Zara Hassan,55,Islamabad,146557,Developer
30,Ahmed Ali,59,Karachi,137733,Analyst
31,Hina Khan,56,Faisalabad,55494,Manager
32,Ahmed Butt,51,Rawalpindi,139183,Developer
33,Hina Hassan,39,Islamabad,127119,Designer
34,Hina Ali,36,Karachi,145009,Accountant
35,Hassan Hassan,42,Karachi,120385,Analyst
36,Zara Malik,53,Multan,51717,Developer
37,Ayesha Ali,57,Multan,124138,Doctor
38,Hassan Sheikh,44,Faisalabad,87750,Designer
39,Sara Khan,31,Multan,106829,Developer
40,Hassan Chaudhry,40,Lahore,138958,Manager
41,Usman Ali,47,Faisalabad,140199,Doctor
42,Sara Ahmed,37,Faisalabad,52442,Analyst
43,Fatima Sheikh,53,Islamabad,135616,Developer
44,Usman Chaudhry,34,Karachi,79132,Doctor
45,Ayesha Hassan,30,Multan,47443,Analyst
46,Usman Chaudhry,46,Lahore,55436,Analyst
47,Bilal Khan,28,Lahore,140594,Designer
48,Fatima Chaudhry,42,Karachi,146376,Analyst
49,Hassan Ahmed,59,Lahore,120974,Engineer
50,Zara Malik,59,Peshawar,79465,Doctor
51,Ahmed Sheikh,37,Rawalpindi,61469,Engineer
52,Fatima Khan,40,Faisalabad,53628,Doctor
53,Bilal Butt,60,Lahore,79487,Designer
54,Ahmed Sheikh,59,Karachi,89061,Accountant
55,Usman Sheikh,46,Rawalpindi,60874,Analyst
56,Zara Hassan,47,Rawalpindi,86378,Analyst
57,Ayesha Butt,59,Lahore,104720,Engineer
58,Usman Khan,41,Multan,58115,Manager
59,Hina Malik,53,Lahore,112504,Analyst
60,Hassan Sheikh,55,Rawalpindi,62156,Teacher
61,Usman Ahmed,23,Rawalpindi,74521,Engineer
62,Bilal Ali,29,Faisalabad,114614,Analyst
63,Hassan Sheikh,45,Karachi,124789,Developer
64,Hina Ali,46,Faisalabad,41371,Doctor
65,Hina Ahmed,44,Karachi,106012,Designer
66,Usman Hassan,53,Multan,58905,Developer
67,Ali Sheikh,55,Lahore,34335,Analyst
68,Ayesha Ahmed,39,Multan,90960,Doctor
69,Ahmed Hassan,34,Lahore,32481,Analyst
70,Hassan Chaudhry,51,Faisalabad,121892,Accountant
71,Usman Malik,30,Rawalpindi,132830,Engineer
72,Ayesha Butt,31,Peshawar,141906,Designer
73,Ahmed Malik,55,Multan,63314,Doctor
74,Ali Ahmed,28,Karachi,53134,Designer
75,Ahmed Ali,59,Multan,120624,Developer
76,Usman Chaudhry,23,Faisalabad,138135,Developer
77,Fatima Ahmed,23,Faisalabad,121540,Teacher
78,Sara Khan,60,Islamabad,94383,Doctor
79,Fatima Ali,23,Peshawar,99910,Developer
80,Hassan Hassan,39,Rawalpindi,103902,Doctor
81,Hina Ahmed,59,Peshawar,129098,Accountant
82,Ayesha Butt,37,Multan,75185,Doctor
83,Fatima Malik,33,Faisalabad,36388,Manager
84,Usman Butt,47,Islamabad,107984,Developer
85,Hassan Sheikh,57,Karachi,44464,Designer
86,Ayesha Ahmed,51,Lahore,64155,Teacher
87,Bilal Butt,33,Faisalabad,118303,Developer
88,Hassan Chaudhry,38,Islamabad,72165,Designer
89,Bilal Butt,52,Multan,67134,Teacher
90,Zara Chaudhry,38,Multan,134460,Engineer
91,Zara Malik,37,Multan,33224,Accountant
92,Bilal Sheikh,60,Faisalabad,79958,Doctor
93,Ayesha Khan,59,Quetta,113086,Doctor
94,Hina Hassan,22,Quetta,53755,Accountant
95,Fatima Hassan,30,Islamabad,41641,Accountant
96,Sara Ali,54,Lahore,148958,Doctor
97,Zara Chaudhry,53,Rawalpindi,113338,Accountant
98,Hina Butt,28,Islamabad,117276,Developer
99,Bilal Butt,22,Multan,43656,Manager
100,Hassan Ahmed,49,Lahore,58540,Doctor
